Round,Seed1,Team1,Team2,Seed2,K TEMPO,K TEMPO RANK,KADJ T,KADJ T RANK,K OFF,KO RANK,KADJ O,KADJ O RANK,K DEF,KD RANK,KADJ D,KADJ D RANK,KADJ EM,KADJ EM RANK,BADJ EM,BADJ O,BADJ D,BARTHAG,GAMES,W,L,WIN%,EFG%,EFG%D,FTR,FTRD,TOV%,TOV%D,OREB%,DREB%,OP OREB%,OP DREB%,RAW T,2PT%,2PT%D,3PT%,3PT%D,BLK%,BLKED%,AST%,OP AST%,2PTR,3PTR,2PTRD,3PTRD,BADJ T,AVG HGT,EFF HGT,EXP,TALENT,FT%,OP FT%,PPPO,PPPD,ELITE SOS,WAB,BADJ EM RANK,BADJ O RANK,BADJ D RANK,BARTHAG RANK,EFG% RANK,EFGD% RANK,FTR RANK,FTRD RANK,TOV% RANK,TOV%D RANK,OREB% RANK,DREB% RANK,OP OREB% RANK,OP DREB% RANK,RAW T RANK,2PT% RANK,2PT%D RANK,3PT% RANK,3PT%D RANK,BLK% RANK,BLKED% RANK,AST% RANK,OP AST% RANK,2PTR RANK,3PTR RANK,2PTRD RANK,3PTRD RANK,BADJT RANK,AVG HGT RANK,EFF HGT RANK,EXP RANK,TALENT RANK,FT% RANK,OP FT% RANK,PPPO RANK,PPPD RANK,ELITE SOS RANK
6,1,Connecticut,Houston,1,2.072800000000001,-52,1.1862000000000066,-19,9.650999999999996,-33,7.740000000000009,-16,9.357799999999997,26,7.245700000000014,9,0.4941999999999993,-1,-0.20400000000000063,7.8300000000000125,8.033999999999992,-0.008000000000000007,0,1,-1,2.941176469999988,7.399999999999999,1.1000000000000014,3.3999999999999986,-6.5,1.200000000000001,-8.5,-0.3999999999999986,3.4000000000000057,-3.3999999999999986,0.3999999999999986,2.0,10.100000000000001,0.30000000000000426,2.0,1.8999999999999986,-1.9000000000000021,0.9000000000000004,14.600000000000001,-14.200000000000003,-4.299999999999997,4.299999999999997,7.699999999999996,-7.699999999999996,1.2579999999999956,2.475999999999999,2.7789999999999964,-0.5709999999999997,-5.287999999999997,4.799999999999997,5.200000000000003,0.10000000000000009,0.09199999999999997,-0.8419999999999987,0.7000000000000011,1,-14,10,1,-226,3,-103,-134,43,237,3,-144,-144,3,-51,-257,3,-111,53,13,58,-201,-297,114,-112,245,-245,-24,-319,-310,186,15,-198,196,-35,21,8
